anno,categoria,fascia_importo,numero_transazioni
2024,ACI,(0-25],13768408
2024,ACI,(100-200],13056022
2024,ACI,(200-500],12146031
2024,ACI,(25-50],4751414
2024,ACI,(50-100],3976638
2024,ACI,(500-1000],1233382
2024,ACI,>1000,110457
2024,Altri enti territoriali,(0-25],1121842
2024,Altri enti territoriali,(100-200],977868
2024,Altri enti territoriali,(200-500],612817
2024,Altri enti territoriali,(25-50],1250565
2024,Altri enti territoriali,(50-100],1209947
2024,Altri enti territoriali,(500-1000],103604
2024,Altri enti territoriali,>1000,115824
2024,Comuni,(0-25],7942568
2024,Comuni,(100-200],11530739
2024,Comuni,(200-500],6074490
2024,Comuni,(25-50],13201211
2024,Comuni,(50-100],16237495
2024,Comuni,(500-1000],1278414
2024,Comuni,>1000,818428
2024,Consorzi universitari,(0-25],74834
2024,Consorzi universitari,(100-200],200960
2024,Consorzi universitari,(200-500],28749
2024,Consorzi universitari,(25-50],21657
2024,Consorzi universitari,(50-100],15530
2024,Consorzi universitari,(500-1000],4130
2024,Consorzi universitari,>1000,3842
2024,Enti comunali,(0-25],45874
2024,Enti comunali,(100-200],45948
2024,Enti comunali,(200-500],17234
2024,Enti comunali,(25-50],54345
2024,Enti comunali,(50-100],62460
2024,Enti comunali,(500-1000],2688
2024,Enti comunali,>1000,2270
2024,Enti provinciali,(0-25],774
2024,Enti provinciali,(100-200],754
2024,Enti provinciali,(200-500],623
2024,Enti provinciali,(25-50],3214
2024,Enti provinciali,(50-100],2641
2024,Enti provinciali,(500-1000],541
2024,Enti provinciali,>1000,297
2024,Enti regionali,(0-25],164
2024,Enti regionali,(100-200],63
2024,Enti regionali,(200-500],69
2024,Enti regionali,(25-50],25
2024,Enti regionali,(50-100],50
2024,Enti regionali,(500-1000],34
2024,Enti regionali,>1000,167
2024,"Ordini, collegi e consigli professionali",(0-25],452359
2024,"Ordini, collegi e consigli professionali",(100-200],1155562
2024,"Ordini, collegi e consigli professionali",(200-500],458358
2024,"Ordini, collegi e consigli professionali",(25-50],292043
2024,"Ordini, collegi e consigli professionali",(50-100],776005
2024,"Ordini, collegi e consigli professionali",(500-1000],12722
2024,"Ordini, collegi e consigli professionali",>1000,13418
2024,Province,(0-25],152370
2024,Province,(100-200],407107
2024,Province,(200-500],193668
2024,Province,(25-50],733750
2024,Province,(50-100],474040
2024,Province,(500-1000],34475
2024,Province,>1000,24956
2024,Pubbliche amministrazioni centrali,(0-25],50591373
2024,Pubbliche amministrazioni centrali,(100-200],10001970
2024,Pubbliche amministrazioni centrali,(200-500],9286648
2024,Pubbliche amministrazioni centrali,(25-50],14200958
2024,Pubbliche amministrazioni centrali,(50-100],16101416
2024,Pubbliche amministrazioni centrali,(500-1000],3679238
2024,Pubbliche amministrazioni centrali,>1000,2525670
2024,Regioni,(0-25],1293492
2024,Regioni,(100-200],2820561
2024,Regioni,(200-500],2427943
2024,Regioni,(25-50],917096
2024,Regioni,(50-100],1184787
2024,Regioni,(500-1000],195612
2024,Regioni,>1000,95708
2024,Ricerca,(0-25],4277
2024,Ricerca,(100-200],344
2024,Ricerca,(200-500],1992
2024,Ricerca,(25-50],460
2024,Ricerca,(50-100],588
2024,Ricerca,(500-1000],676
2024,Ricerca,>1000,1198
2024,Salute centrale,(0-25],2498230
2024,Salute centrale,(100-200],670997
2024,Salute centrale,(200-500],121778
2024,Salute centrale,(25-50],1648413
2024,Salute centrale,(50-100],367899
2024,Salute centrale,(500-1000],15282
2024,Salute centrale,>1000,29452
2024,Salute locale,(0-25],5263418
2024,Salute locale,(100-200],848415
2024,Salute locale,(200-500],139788
2024,Salute locale,(25-50],3984700
2024,Salute locale,(50-100],1348208
2024,Salute locale,(500-1000],26078
2024,Salute locale,>1000,36779
2024,Salute regionale,(0-25],33505
2024,Salute regionale,(100-200],12
2024,Salute regionale,(200-500],36
2024,Salute regionale,(25-50],11
2024,Salute regionale,(50-100],11
2024,Salute regionale,(500-1000],183
2024,Salute regionale,>1000,530
2024,Salute servizi,(0-25],80303
2024,Salute servizi,(100-200],39318
2024,Salute servizi,(200-500],45576
2024,Salute servizi,(25-50],62255
2024,Salute servizi,(50-100],46958
2024,Salute servizi,(500-1000],20113
2024,Salute servizi,>1000,70025
2024,Scuola,(0-25],9785874
2024,Scuola,(100-200],1716877
2024,Scuola,(200-500],1247597
2024,Scuola,(25-50],3105164
2024,Scuola,(50-100],1605260
2024,Scuola,(500-1000],155503
2024,Scuola,>1000,26467
2024,Tutte,(0-25],108897222
2024,Tutte,(100-200],81532412
2024,Tutte,(200-500],50373577
2024,Tutte,(25-50],75370966
2024,Tutte,(50-100],87760797
2024,Tutte,(500-1000],11089478
2024,Tutte,>1000,7096029
2024,Università,(0-25],1034430
2024,Università,(100-200],1591810
2024,Università,(200-500],1217782
2024,Università,(25-50],774803
2024,Università,(50-100],562440
2024,Università,(500-1000],1050400
2024,Università,>1000,650006
2024,Utility,(0-25],14753123
2024,Utility,(100-200],36467085
2024,Utility,(200-500],16352398
2024,Utility,(25-50],30368882
2024,Utility,(50-100],43788424
2024,Utility,(500-1000],3276403
2024,Utility,>1000,2570535
2025,ACI,(0-25],14257710
2025,ACI,(100-200],13244239
2025,ACI,(200-500],12175130
2025,ACI,(25-50],4937207
2025,ACI,(50-100],4165250
2025,ACI,(500-1000],1246793
2025,ACI,>1000,115177
2025,Altri enti territoriali,(0-25],1718645
2025,Altri enti territoriali,(100-200],1045917
2025,Altri enti territoriali,(200-500],694066
2025,Altri enti territoriali,(25-50],1344486
2025,Altri enti territoriali,(50-100],1302523
2025,Altri enti territoriali,(500-1000],123902
2025,Altri enti territoriali,>1000,148896
2025,Comuni,(0-25],8811949
2025,Comuni,(100-200],13663778
2025,Comuni,(200-500],7235288
2025,Comuni,(25-50],14266395
2025,Comuni,(50-100],17659837
2025,Comuni,(500-1000],1525497
2025,Comuni,>1000,973367
2025,Consorzi universitari,(0-25],68342
2025,Consorzi universitari,(100-200],225039
2025,Consorzi universitari,(200-500],31030
2025,Consorzi universitari,(25-50],21116
2025,Consorzi universitari,(50-100],15836
2025,Consorzi universitari,(500-1000],4512
2025,Consorzi universitari,>1000,4889
2025,Enti comunali,(0-25],18401
2025,Enti comunali,(100-200],32940
2025,Enti comunali,(200-500],18162
2025,Enti comunali,(25-50],35277
2025,Enti comunali,(50-100],39540
2025,Enti comunali,(500-1000],2568
2025,Enti comunali,>1000,2062
2025,Enti provinciali,(0-25],682
2025,Enti provinciali,(100-200],745
2025,Enti provinciali,(200-500],398
2025,Enti provinciali,(25-50],1610
2025,Enti provinciali,(50-100],1223
2025,Enti provinciali,(500-1000],432
2025,Enti provinciali,>1000,272
2025,Enti regionali,(0-25],148
2025,Enti regionali,(100-200],52
2025,Enti regionali,(200-500],51
2025,Enti regionali,(25-50],10
2025,Enti regionali,(50-100],38
2025,Enti regionali,(500-1000],33
2025,Enti regionali,>1000,160
2025,"Ordini, collegi e consigli professionali",(0-25],521582
2025,"Ordini, collegi e consigli professionali",(100-200],1192845
2025,"Ordini, collegi e consigli professionali",(200-500],474797
2025,"Ordini, collegi e consigli professionali",(25-50],291051
2025,"Ordini, collegi e consigli professionali",(50-100],944240
2025,"Ordini, collegi e consigli professionali",(500-1000],14268
2025,"Ordini, collegi e consigli professionali",>1000,14180
2025,Province,(0-25],166867
2025,Province,(100-200],411053
2025,Province,(200-500],191867
2025,Province,(25-50],713121
2025,Province,(50-100],467581
2025,Province,(500-1000],39475
2025,Province,>1000,27654
2025,Pubbliche amministrazioni centrali,(0-25],52510277
2025,Pubbliche amministrazioni centrali,(100-200],11188789
2025,Pubbliche amministrazioni centrali,(200-500],10219573
2025,Pubbliche amministrazioni centrali,(25-50],14646268
2025,Pubbliche amministrazioni centrali,(50-100],18781458
2025,Pubbliche amministrazioni centrali,(500-1000],3938357
2025,Pubbliche amministrazioni centrali,>1000,2643780
2025,Regioni,(0-25],1508606
2025,Regioni,(100-200],2781039
2025,Regioni,(200-500],2478187
2025,Regioni,(25-50],1058332
2025,Regioni,(50-100],1256224
2025,Regioni,(500-1000],205781
2025,Regioni,>1000,107077
2025,Ricerca,(0-25],11786
2025,Ricerca,(100-200],11656
2025,Ricerca,(200-500],5697
2025,Ricerca,(25-50],462
2025,Ricerca,(50-100],760
2025,Ricerca,(500-1000],11608
2025,Ricerca,>1000,3376
2025,Salute centrale,(0-25],3000388
2025,Salute centrale,(100-200],801179
2025,Salute centrale,(200-500],138927
2025,Salute centrale,(25-50],2556464
2025,Salute centrale,(50-100],459341
2025,Salute centrale,(500-1000],16444
2025,Salute centrale,>1000,33183
2025,Salute locale,(0-25],5871804
2025,Salute locale,(100-200],1033305
2025,Salute locale,(200-500],170147
2025,Salute locale,(25-50],5373531
2025,Salute locale,(50-100],1579883
2025,Salute locale,(500-1000],28744
2025,Salute locale,>1000,40938
2025,Salute regionale,(0-25],42477
2025,Salute regionale,(200-500],36
2025,Salute regionale,(25-50],1246
2025,Salute regionale,(50-100],5
2025,Salute regionale,(500-1000],128
2025,Salute regionale,>1000,716
2025,Salute servizi,(0-25],100815
2025,Salute servizi,(100-200],40334
2025,Salute servizi,(200-500],48712
2025,Salute servizi,(25-50],66709
2025,Salute servizi,(50-100],45135
2025,Salute servizi,(500-1000],21545
2025,Salute servizi,>1000,70766
2025,Scuola,(0-25],10445532
2025,Scuola,(100-200],1712444
2025,Scuola,(200-500],1264326
2025,Scuola,(25-50],3336569
2025,Scuola,(50-100],1667078
2025,Scuola,(500-1000],155438
2025,Scuola,>1000,27276
2025,Tutte,(0-25],115809055
2025,Tutte,(100-200],87121376
2025,Tutte,(200-500],52972323
2025,Tutte,(25-50],79001927
2025,Tutte,(50-100],94138278
2025,Tutte,(500-1000],11978854
2025,Tutte,>1000,7654159
2025,Università,(0-25],1016808
2025,Università,(100-200],1728868
2025,Università,(200-500],1395206
2025,Università,(25-50],820286
2025,Università,(50-100],457527
2025,Università,(500-1000],1065698
2025,Università,>1000,698773
2025,Utility,(0-25],15735954
2025,Utility,(100-200],38006210
2025,Utility,(200-500],16430408
2025,Utility,(25-50],29531514
2025,Utility,(50-100],45294194
2025,Utility,(500-1000],3577405
2025,Utility,>1000,2741343
2026,ACI,(0-25],11005480
2026,ACI,(100-200],10728970
2026,ACI,(200-500],9950300
2026,ACI,(25-50],4174558
2026,ACI,(50-100],3483898
2026,ACI,(500-1000],978801
2026,ACI,>1000,97747
2026,Altri enti territoriali,(0-25],1365566
2026,Altri enti territoriali,(100-200],933803
2026,Altri enti territoriali,(200-500],586966
2026,Altri enti territoriali,(25-50],1108773
2026,Altri enti territoriali,(50-100],1133516
2026,Altri enti territoriali,(500-1000],110149
2026,Altri enti territoriali,>1000,128430
2026,Comuni,(0-25],7549749
2026,Comuni,(100-200],10843939
2026,Comuni,(200-500],5838853
2026,Comuni,(25-50],11019485
2026,Comuni,(50-100],13366017
2026,Comuni,(500-1000],1234824
2026,Comuni,>1000,796839
2026,Consorzi universitari,(0-25],41723
2026,Consorzi universitari,(100-200],202966
2026,Consorzi universitari,(200-500],30282
2026,Consorzi universitari,(25-50],14918
2026,Consorzi universitari,(50-100],13565
2026,Consorzi universitari,(500-1000],2980
2026,Consorzi universitari,>1000,4315
2026,Enti comunali,(0-25],3939
2026,Enti comunali,(100-200],21011
2026,Enti comunali,(200-500],12408
2026,Enti comunali,(25-50],18852
2026,Enti comunali,(50-100],24546
2026,Enti comunali,(500-1000],1742
2026,Enti comunali,>1000,1596
2026,Enti provinciali,(0-25],354
2026,Enti provinciali,(100-200],499
2026,Enti provinciali,(200-500],94
2026,Enti provinciali,(25-50],8
2026,Enti provinciali,(50-100],129
2026,Enti provinciali,(500-1000],343
2026,Enti provinciali,>1000,237
2026,Enti regionali,(0-25],833
2026,Enti regionali,(100-200],56
2026,Enti regionali,(200-500],51
2026,Enti regionali,(25-50],10
2026,Enti regionali,(50-100],40
2026,Enti regionali,(500-1000],22
2026,Enti regionali,>1000,109
2026,"Ordini, collegi e consigli professionali",(0-25],475380
2026,"Ordini, collegi e consigli professionali",(100-200],1155468
2026,"Ordini, collegi e consigli professionali",(200-500],465546
2026,"Ordini, collegi e consigli professionali",(25-50],295600
2026,"Ordini, collegi e consigli professionali",(50-100],883918
2026,"Ordini, collegi e consigli professionali",(500-1000],13377
2026,"Ordini, collegi e consigli professionali",>1000,12707
2026,Province,(0-25],138994
2026,Province,(100-200],324737
2026,Province,(200-500],152633
2026,Province,(25-50],528768
2026,Province,(50-100],381202
2026,Province,(500-1000],31774
2026,Province,>1000,22530
2026,Pubbliche amministrazioni centrali,(0-25],40811211
2026,Pubbliche amministrazioni centrali,(100-200],9382665
2026,Pubbliche amministrazioni centrali,(200-500],7989226
2026,Pubbliche amministrazioni centrali,(25-50],12892844
2026,Pubbliche amministrazioni centrali,(50-100],15078729
2026,Pubbliche amministrazioni centrali,(500-1000],3141933
2026,Pubbliche amministrazioni centrali,>1000,2055385
2026,Regioni,(0-25],1324187
2026,Regioni,(100-200],2587777
2026,Regioni,(200-500],2331387
2026,Regioni,(25-50],991777
2026,Regioni,(50-100],1121680
2026,Regioni,(500-1000],183359
2026,Regioni,>1000,88224
2026,Ricerca,(0-25],8337
2026,Ricerca,(100-200],7578
2026,Ricerca,(200-500],4184
2026,Ricerca,(25-50],11773
2026,Ricerca,(50-100],367
2026,Ricerca,(500-1000],8035
2026,Ricerca,>1000,3634
2026,Salute centrale,(0-25],2056909
2026,Salute centrale,(100-200],554070
2026,Salute centrale,(200-500],99405
2026,Salute centrale,(25-50],1789645
2026,Salute centrale,(50-100],285875
2026,Salute centrale,(500-1000],11490
2026,Salute centrale,>1000,25638
2026,Salute locale,(0-25],4560768
2026,Salute locale,(100-200],735435
2026,Salute locale,(200-500],137569
2026,Salute locale,(25-50],4323600
2026,Salute locale,(50-100],1187829
2026,Salute locale,(500-1000],22456
2026,Salute locale,>1000,33872
2026,Salute regionale,(0-25],26669
2026,Salute regionale,(100-200],13
2026,Salute regionale,(200-500],17
2026,Salute regionale,(25-50],22
2026,Salute regionale,(50-100],12
2026,Salute regionale,(500-1000],53
2026,Salute regionale,>1000,352
2026,Salute servizi,(0-25],102088
2026,Salute servizi,(100-200],30932
2026,Salute servizi,(200-500],38349
2026,Salute servizi,(25-50],52410
2026,Salute servizi,(50-100],34011
2026,Salute servizi,(500-1000],17544
2026,Salute servizi,>1000,54324
2026,Scuola,(0-25],6096254
2026,Scuola,(100-200],1356586
2026,Scuola,(200-500],987354
2026,Scuola,(25-50],2735195
2026,Scuola,(50-100],1344484
2026,Scuola,(500-1000],123504
2026,Scuola,>1000,20962
2026,Tutte,(0-25],88892456
2026,Tutte,(100-200],72769384
2026,Tutte,(200-500],44867124
2026,Tutte,(25-50],63391959
2026,Tutte,(50-100],76517032
2026,Tutte,(500-1000],9803233
2026,Tutte,>1000,6130988
2026,Università,(0-25],810029
2026,Università,(100-200],1278308
2026,Università,(200-500],1032909
2026,Università,(25-50],714000
2026,Università,(50-100],395941
2026,Università,(500-1000],789849
2026,Università,>1000,516052
2026,Utility,(0-25],12511192
2026,Utility,(100-200],32614447
2026,Utility,(200-500],15196606
2026,Utility,(25-50],22713863
2026,Utility,(50-100],37774411
2026,Utility,(500-1000],3126024
2026,Utility,>1000,2266156
Complessivo,ACI,(0-25],82531256
Complessivo,ACI,(100-200],91037990
Complessivo,ACI,(200-500],80737346
Complessivo,ACI,(25-50],33139997
Complessivo,ACI,(50-100],25774381
Complessivo,ACI,(500-1000],7860178
Complessivo,ACI,>1000,655449
Complessivo,Altri enti territoriali,(0-25],6132022
Complessivo,Altri enti territoriali,(100-200],5381358
Complessivo,Altri enti territoriali,(200-500],3245211
Complessivo,Altri enti territoriali,(25-50],6746477
Complessivo,Altri enti territoriali,(50-100],6560046
Complessivo,Altri enti territoriali,(500-1000],537536
Complessivo,Altri enti territoriali,>1000,621073
Complessivo,Comuni,(0-25],42140904
Complessivo,Comuni,(100-200],59709510
Complessivo,Comuni,(200-500],31222283
Complessivo,Comuni,(25-50],67061211
Complessivo,Comuni,(50-100],82984193
Complessivo,Comuni,(500-1000],6332720
Complessivo,Comuni,>1000,4096800
Complessivo,Consorzi universitari,(0-25],274449
Complessivo,Consorzi universitari,(100-200],1044293
Complessivo,Consorzi universitari,(200-500],161060
Complessivo,Consorzi universitari,(25-50],88019
Complessivo,Consorzi universitari,(50-100],73800
Complessivo,Consorzi universitari,(500-1000],23778
Complessivo,Consorzi universitari,>1000,19910
Complessivo,Enti comunali,(0-25],166018
Complessivo,Enti comunali,(100-200],216401
Complessivo,Enti comunali,(200-500],93298
Complessivo,Enti comunali,(25-50],233001
Complessivo,Enti comunali,(50-100],282381
Complessivo,Enti comunali,(500-1000],13387
Complessivo,Enti comunali,>1000,11622
Complessivo,Enti donazioni,(0-25],13707
Complessivo,Enti donazioni,(100-200],189
Complessivo,Enti donazioni,(25-50],2400
Complessivo,Enti donazioni,(50-100],857
Complessivo,Enti provinciali,(0-25],9430
Complessivo,Enti provinciali,(100-200],3448
Complessivo,Enti provinciali,(200-500],2597
Complessivo,Enti provinciali,(25-50],14154
Complessivo,Enti provinciali,(50-100],11731
Complessivo,Enti provinciali,(500-1000],1748
Complessivo,Enti provinciali,>1000,1497
Complessivo,Enti regionali,(0-25],21003
Complessivo,Enti regionali,(100-200],278
Complessivo,Enti regionali,(200-500],319
Complessivo,Enti regionali,(25-50],113
Complessivo,Enti regionali,(50-100],236
Complessivo,Enti regionali,(500-1000],150
Complessivo,Enti regionali,>1000,747
Complessivo,"Ordini, collegi e consigli professionali",(0-25],2911028
Complessivo,"Ordini, collegi e consigli professionali",(100-200],7102993
Complessivo,"Ordini, collegi e consigli professionali",(200-500],2637374
Complessivo,"Ordini, collegi e consigli professionali",(25-50],1722868
Complessivo,"Ordini, collegi e consigli professionali",(50-100],5382935
Complessivo,"Ordini, collegi e consigli professionali",(500-1000],70537
Complessivo,"Ordini, collegi e consigli professionali",>1000,66844
Complessivo,Province,(0-25],988778
Complessivo,Province,(100-200],2138440
Complessivo,Province,(200-500],955206
Complessivo,Province,(25-50],3697001
Complessivo,Province,(50-100],2411706
Complessivo,Province,(500-1000],184961
Complessivo,Province,>1000,133041
Complessivo,Pubbliche amministrazioni centrali,(0-25],238598665
Complessivo,Pubbliche amministrazioni centrali,(100-200],53988043
Complessivo,Pubbliche amministrazioni centrali,(200-500],49120825
Complessivo,Pubbliche amministrazioni centrali,(25-50],69682638
Complessivo,Pubbliche amministrazioni centrali,(50-100],86453462
Complessivo,Pubbliche amministrazioni centrali,(500-1000],18482799
Complessivo,Pubbliche amministrazioni centrali,>1000,11914198
Complessivo,Regioni,(0-25],7669953
Complessivo,Regioni,(100-200],17688571
Complessivo,Regioni,(200-500],15282438
Complessivo,Regioni,(25-50],6269816
Complessivo,Regioni,(50-100],6717552
Complessivo,Regioni,(500-1000],1158364
Complessivo,Regioni,>1000,488538
Complessivo,Ricerca,(0-25],53979
Complessivo,Ricerca,(100-200],21816
Complessivo,Ricerca,(200-500],16107
Complessivo,Ricerca,(25-50],13423
Complessivo,Ricerca,(50-100],2607
Complessivo,Ricerca,(500-1000],21911
Complessivo,Ricerca,>1000,11117
Complessivo,Salute centrale,(0-25],11142710
Complessivo,Salute centrale,(100-200],2990439
Complessivo,Salute centrale,(200-500],525725
Complessivo,Salute centrale,(25-50],8455763
Complessivo,Salute centrale,(50-100],1697508
Complessivo,Salute centrale,(500-1000],63753
Complessivo,Salute centrale,>1000,141025
Complessivo,Salute locale,(0-25],24541000
Complessivo,Salute locale,(100-200],4116286
Complessivo,Salute locale,(200-500],687508
Complessivo,Salute locale,(25-50],20524739
Complessivo,Salute locale,(50-100],6497743
Complessivo,Salute locale,(500-1000],129056
Complessivo,Salute locale,>1000,179075
Complessivo,Salute regionale,(0-25],167778
Complessivo,Salute regionale,(100-200],1155
Complessivo,Salute regionale,(200-500],705
Complessivo,Salute regionale,(25-50],1315
Complessivo,Salute regionale,(50-100],90
Complessivo,Salute regionale,(500-1000],627
Complessivo,Salute regionale,>1000,2580
Complessivo,Salute servizi,(0-25],554859
Complessivo,Salute servizi,(100-200],201735
Complessivo,Salute servizi,(200-500],230051
Complessivo,Salute servizi,(25-50],345799
Complessivo,Salute servizi,(50-100],237943
Complessivo,Salute servizi,(500-1000],102209
Complessivo,Salute servizi,>1000,360617
Complessivo,Scuola,(0-25],44686783
Complessivo,Scuola,(100-200],7792986
Complessivo,Scuola,(200-500],5119411
Complessivo,Scuola,(25-50],14161507
Complessivo,Scuola,(50-100],7753897
Complessivo,Scuola,(500-1000],684727
Complessivo,Scuola,>1000,125171
Complessivo,Tutte,(0-25],547633778
Complessivo,Tutte,(100-200],445385407
Complessivo,Tutte,(200-500],280418707
Complessivo,Tutte,(25-50],390131125
Complessivo,Tutte,(50-100],449266576
Complessivo,Tutte,(500-1000],58330199
Complessivo,Tutte,>1000,34914528
Complessivo,Università,(0-25],5991626
Complessivo,Università,(100-200],9918111
Complessivo,Università,(200-500],7714188
Complessivo,Università,(25-50],4861627
Complessivo,Università,(50-100],3106355
Complessivo,Università,(500-1000],6481901
Complessivo,Università,>1000,3743036
Complessivo,Utility,(0-25],79034750
Complessivo,Utility,(100-200],182020300
Complessivo,Utility,(200-500],82653755
Complessivo,Utility,(25-50],153103126
Complessivo,Utility,(50-100],213309686
Complessivo,Utility,(500-1000],16174657
Complessivo,Utility,>1000,12340035
