anno_mese,notifiche_analogiche,notifiche_digitali,notifiche_totali
2026-10,617283,330677,947960
2026-09,1708228,665529,2373757
2026-08,1133113,480065,1613178
2026-07,2236346,965243,3201589
2026-06,1778665,552197,2330862
2026-05,1709838,543251,2253089
2026-04,1806080,739422,2545502
2026-03,1558713,568191,2126904
2026-02,1186185,479041,1665226
2026-01,940284,457262,1397546
2025-12,1858266,665151,2523417
2025-11,2083137,1494055,3577192
2025-10,1572167,695872,2268039
2025-09,1427214,393284,1820498
2025-08,597577,233948,831525
2025-07,1721742,652039,2373781
2025-06,1129002,289559,1418561
2025-05,787826,244298,1032124
2025-04,1073562,235185,1308747
2025-03,868098,233306,1101404
2025-02,540961,182101,723062
2025-01,397778,162818,560596
2024-12,2143281,272725,2416006
2024-11,493334,138042,631376
2024-10,744924,172444,917368
2024-09,745512,181562,927074
2024-08,211335,85294,296629
2024-07,1301874,406358,1708232
2024-06,1096465,172804,1269269
2024-05,321244,57899,379143
2024-04,83855,33199,117054
2024-03,97968,23290,121258
2024-02,67599,19867,87466
2024-01,59284,17910,77194
