anno,categoria,notifiche_inviate,ranking
Complessivo,Comuni,20903863,1
Complessivo,Regioni,12149442,2
Complessivo,Pubbliche amministrazioni centrali,9857254,3
Complessivo,Riscossori e altro,6886289,4
Complessivo,Altri enti territoriali,440720,5
Complessivo,Province,321710,6
Complessivo,Salute locale,174237,7
Complessivo,Enti comunali,23516,8
Complessivo,"Ordini, collegi e consigli professionali",17984,9
Complessivo,Università,8567,10
2026,Comuni,9609897,1
2026,Pubbliche amministrazioni centrali,4081815,2
2026,Regioni,3389731,3
2026,Riscossori e altro,2696371,4
2026,Altri enti territoriali,302317,5
2026,Province,188175,6
2026,Salute locale,129961,7
2026,Enti comunali,23516,8
2026,"Ordini, collegi e consigli professionali",6999,9
2026,Salute centrale,6061,10
2025,Comuni,8746322,1
2025,Pubbliche amministrazioni centrali,3996605,2
2025,Regioni,3742889,3
2025,Riscossori e altro,2731443,4
2025,Altri enti territoriali,124307,5
2025,Province,123130,6
2025,Salute locale,34244,7
2025,"Ordini, collegi e consigli professionali",8938,8
2025,Università,4762,9
2025,Consorzi universitari,2432,10
2024,Regioni,3439842,1
2024,Comuni,2467909,2
2024,Pubbliche amministrazioni centrali,1774878,3
2024,Riscossori e altro,1223516,4
2024,Altri enti territoriali,14094,5
2024,Province,10405,6
2024,Salute locale,10029,7
2024,"Ordini, collegi e consigli professionali",2047,8
2024,Università,1544,9
2024,Consorzi universitari,12,10
